year,actual,forecast
2023,71.0,73.9672718904106
2024,70.0,74.0874906945099
