year,forecast_popularity
2025,72.3082425456193
2026,73.1042022897814
2027,73.37867600812136
2028,73.47332378724826
2029,73.50596152811407
