year,forecast_popularity
2025,73.10713786215278
2026,73.10713786215278
2027,73.10713786215278
2028,73.10713786215278
2029,73.10713786215278
