year,actual,forecast
2023,70.5,73.3333283988087
2024,73.0,73.3333283988087
