year,actual,forecast
2023,74.5,73.41155507250646
2024,79.0,71.38222379155314
