year,forecast_popularity
2025,73.07351205259145
2026,69.31129162427521
2027,71.88634776323713
2028,71.69728781239922
2029,72.52287338541846
