year,actual,forecast
2023,82.0,80.50000430808721
2024,85.0,80.5000009928245
