year,forecast_popularity
2025,85.23396753459032
2026,85.03886864186062
2027,85.9289297007323
2028,85.61438300921463
2029,84.99932715176031
