series,adf_stat,p_value
level,-2.182551912603197,0.21263893920030202
diff1,-4.6374866565666135,0.0001101071381978548
diff2,-33.32964198223144,0.0
