series,adf_stat,p_value
level,-12.84326821176204,5.548627524151796e-24
diff1,-7.746829726672621,1.0266692178743073e-11
diff2,-18.80942810456256,2.022494987297601e-30
