series,adf_stat,p_value
level,-1.8612624070444217,0.35049805469000594
diff1,-3.526477281175944,0.007332576301110449
diff2,-49.21830955166787,0.0
