series,adf_stat,p_value
level,-2.3767053739037474,0.14841936395769084
diff1,-2.67607375876738,0.07827085058401764
diff2,-8.286463215465815,4.37724905485529e-13
